{
  "totalFeesClaimed": 0.8662633680000001,
  "totalTokensBought": 107573489.42417498
}